command,mean,stddev,median,user,system,min,max
./sort -m -s small.txt out_m_small.txt,0.57175852918,0.005541465225384248,0.5708116640800001,0.5015691,0.03516172,0.56426265058,0.58310718658
./sort -q -s small.txt out_q_small.txt,0.34022826617999996,0.002693344710945609,0.34095326658,0.3166728,0.013378319999999999,0.33445678558,0.34307539758
./stdsort -s small.txt out_sort_small.txt,0.27331427838,0.0010887215483301534,0.27342804558,0.2529906,0.010974208,0.27118810158,0.27537434558
./stdsort -s --stable small.txt out_stablesort_small.txt,0.31282018258000005,0.06028935341577624,0.29134549558,0.26705759999999995,0.01751662,0.28899679658,0.48368642058
