command,mean,stddev,median,user,system,min,max
./sort -m -i ints.txt out_m_ints.txt,0.81036624738,0.03940210122482913,0.80257135088,0.6988516199999999,0.047353639999999995,0.7829601188800001,0.91857680588
./sort -q -i ints.txt out_q_ints.txt,0.15010759738,0.0009373759932598248,0.15018310188,0.12994201999999996,0.011338185999999997,0.14865964988,0.15157576688000002
./stdsort -i ints.txt out_sort_ints.txt,0.14452845378,0.005486613212627188,0.14256628838000002,0.12165631999999997,0.01301244,0.14089033588,0.15952411788
./stdsort -i --stable ints.txt out_stablesort_ints.txt,0.15467048808,0.009806912792865044,0.15174687888000002,0.13359402,0.012875586,0.14961023788,0.18228182988000002
